run_accession	raw_pair1	raw_pair2	trimmed_pair1	trimmed_pair2	trimmed_orphan1	trimmed_orphan2	final_pair1	final_pair2	final_orphan1	final_orphan2	raw_pairs	trimmed_pairs	clean_pairs	trimmed_singletons	clean_singletons	pairs_removed_by_trim	pairs_removed_after_trim	pairs_removed_total	pct_pairs_removed_by_trim	pct_pairs_removed_after_trim	pct_pairs_retained_final
SRR5935746	11012615	11012615	10323969	10323969	75447	52867	10285129	10285129	90335	67614	11012615	10323969	10285129	128314	157949	688646	38840	727486	6.25324684464135	0.3762119006750214	93.39406671349175
SRR5935750	6552107	6552107	5904262	5904262	106793	45953	5887263	5887263	112352	51707	6552107	5904262	5887263	152746	164059	647845	16999	664844	9.887582727205157	0.28791066521099506	89.85297401278703
SRR5935751	18645445	18645445	17272514	17272514	175238	88844	17220530	17220530	194148	107759	18645445	17272514	17220530	264082	301907	1372931	51984	1424915	7.36335871844303	0.3009637161098842	92.35783860347661
SRR5935754	10479816	10479816	9613330	9613330	91011	45515	9575237	9575237	104000	58849	10479816	9613330	9575237	136526	162849	866486	38093	904579	8.268141349046587	0.39625187109981663	91.36836944465438
SRR5935777	8173049	8173049	7283536	7283536	118394	52499	7263305	7263305	124192	58404	8173049	7283536	7263305	170893	182596	889513	20231	909744	10.8834903595953	0.2777634379784764	88.86897655942109
SRR5935787	16351397	16351397	15323255	15323255	163434	86049	15261729	15261729	184842	107965	16351397	15323255	15261729	249483	292807	1028142	61526	1089668	6.28779302465716	0.401520434137525	93.33593331505558
SRR5935790	9202475	9202475	8559722	8559722	87252	46121	8525551	8525551	99001	58114	9202475	8559722	8525551	133373	157115	642753	34171	676924	6.984566651906145	0.3992068901303103	92.6441093292837
SRR5935792	11437813	11437813	10519694	10519694	79887	56114	10480625	10480625	94044	70446	11437813	10519694	10480625	136001	164490	918119	39069	957188	8.027050276132334	0.37138912975985805	91.63137218627372
SRR5935794	13404063	13404063	12475710	12475710	106853	68068	12407833	12407833	130300	91999	13404063	12475710	12407833	174921	222299	928353	67877	996230	6.92590746551997	0.5440732431260425	92.56770130071754
SRR5935799	9090205	9090205	8344817	8344817	68526	40127	8296482	8296482	77426	49236	9090205	8344817	8296482	108653	126662	745388	48335	793723	8.199903082493739	0.5792218091780802	91.26837073531345
SRR5935800	15080696	15080696	13837384	13837384	187877	146040	13791047	13791047	204004	161929	15080696	13837384	13791047	333917	365933	1243312	46337	1289649	8.244394025315543	0.3348682091932984	91.44834562012257
SRR5935804	13253368	13253368	12130071	12130071	105190	63254	12086402	12086402	119897	77871	13253368	12130071	12086402	168444	197768	1123297	43669	1166966	8.475558816445751	0.3600061368148628	91.19494757860794
SRR5935814	5072545	5072545	4763733	4763733	46759	26144	4672170	4672170	52217	31591	5072545	4763733	4672170	72903	83808	308812	91563	400375	6.087910506461746	1.9220850538852619	92.1070192575916
SRR5935826	8766123	8766123	8081260	8081260	69338	43669	8025101	8025101	79782	54013	8766123	8081260	8025101	113007	133795	684863	56159	741022	7.812609975926644	0.694928761109035	91.54675333668031
SRR5935830	14303962	14303962	13242432	13242432	118705	59861	13197254	13197254	135229	76973	14303962	13242432	13197254	178566	212202	1061530	45178	1106708	7.421230565349656	0.34116089854189924	92.26292687298806
SRR5935831	12793053	12793053	11823032	11823032	126760	43051	11775619	11775619	142408	58894	12793053	11823032	11775619	169811	201302	970021	47413	1017434	7.582404293955477	0.4010223435071477	92.04698049793119
SRR5935832	6882441	6882441	6247683	6247683	57891	24743	6225285	6225285	65067	32082	6882441	6247683	6225285	82634	97149	634758	22398	657156	9.222861481849245	0.3585009034549288	90.45170165643265
SRR5935835	1341509	1341509	1274685	1274685	14542	6384	1099596	1099596	15092	7216	1341509	1274685	1099596	20926	22308	66824	175089	241913	4.981256182403547	13.735864154673507	81.96709824533417
SRR5935837	9337913	9337913	8487302	8487302	93604	28382	8458473	8458473	103835	38729	9337913	8487302	8458473	121986	142564	850611	28829	879440	9.109219586860576	0.339672136092247	90.5820497577992
SRR5935845	12773582	12773582	11541754	11541754	124007	136369	11493561	11493561	140349	152454	12773582	11541754	11493561	260376	292803	1231828	48193	1280021	9.643559653040157	0.41755351916181893	89.97915385050176
SRR5935847	5030163	5030163	4590730	4590730	64054	48359	4573036	4573036	69939	54439	5030163	4590730	4573036	112413	124378	439433	17694	457127	8.735959451015802	0.38542889692924653	90.91228256420318
SRR5935858	11226124	11226124	10413543	10413543	75364	50943	10375521	10375521	89233	65259	11226124	10413543	10375521	126307	154492	812581	38022	850603	7.238304155557163	0.36512068947139315	92.42300370101024
SRR5935863	12264252	12264252	11359158	11359158	97528	64477	11314460	11314460	114749	81467	12264252	11359158	11314460	162005	196216	905094	44698	949792	7.379936420093129	0.39349747578121547	92.25560596765298
SRR5935869	14642896	14642896	13446551	13446551	176660	38903	13398491	13398491	192966	56096	14642896	13446551	13398491	215563	249062	1196345	48060	1244405	8.170139294849871	0.3574150724598449	91.50164694197105
SRR5935884	11721196	11721196	10930506	10930506	148116	33005	10861645	10861645	162815	48719	11721196	10930506	10861645	181121	211534	790690	68861	859551	6.745813311201348	0.6299891331654729	92.66669544643737
SRR5935888	14120614	14120614	13061116	13061116	96922	63906	13010297	13010297	111843	79116	14120614	13061116	13010297	160828	190959	1059498	50819	1110317	7.5032006398588615	0.3890862005972537	92.1369070778367
SRR5935890	8504050	8504050	7935919	7935919	59313	56359	7904474	7904474	69526	66796	8504050	7935919	7904474	115672	136322	568131	31445	599576	6.680710955368324	0.3962364031185298	92.94952405030544
SRR5935894	11814692	11814692	10953434	10953434	120578	42005	10876165	10876165	146608	69050	11814692	10953434	10876165	162583	215658	861258	77269	938527	7.289720290634746	0.7054317394891867	92.05627197052618
SRR5935898	5116705	5116705	4697976	4697976	101035	29007	4647794	4647794	104844	33431	5116705	4697976	4647794	130042	138275	418729	50182	468911	8.183567354381385	1.0681621191764283	90.83568429291898
SRR5935899	11602517	11602517	10707687	10707687	74812	63781	10667163	10667163	88046	77264	11602517	10707687	10667163	138593	165310	894830	40524	935354	7.712378271025158	0.37845708414898566	91.93835268674891
SRR5935903	7701926	7701926	7149847	7149847	77100	33537	7112979	7112979	88175	45040	7701926	7149847	7112979	110637	133215	552079	36868	588947	7.168064195890742	0.5156473977694908	92.35325034283632
SRR5935904	15549345	15549345	14254320	14254320	110817	67252	14202656	14202656	127767	84365	15549345	14254320	14202656	178069	212132	1295025	51664	1346689	8.328485862266223	0.3624445080508926	91.33925576929447
SRR5935907	9760953	9760953	9080418	9080418	69249	43368	9035396	9035396	81453	55612	9760953	9080418	9035396	112617	137065	680535	45022	725557	6.972013900691869	0.4958141794794028	92.56674015334363
SRR5935908	9296992	9296992	8609835	8609835	81110	48209	8579575	8579575	92483	59816	9296992	8609835	8579575	129319	152299	687157	30260	717417	7.39117555441588	0.35145853550038997	92.28334282744355
SRR5935909	11865989	11865989	11040863	11040863	99373	51053	11003130	11003130	113524	65241	11865989	11040863	11003130	150426	178765	825126	37733	862859	6.9537060922608305	0.3417577049909957	92.7283010291009
SRR5935917	6776291	6776291	6305192	6305192	67588	33611	6285620	6285620	74588	40716	6776291	6305192	6285620	101199	115304	471099	19572	490671	6.952166015302471	0.31041084871007896	92.75900341351928
SRR5935923	13187214	13187214	12099138	12099138	143756	119646	12062338	12062338	156396	132293	13187214	12099138	12062338	263402	288689	1088076	36800	1124876	8.250992211091743	0.30415389922819297	91.46994960421512
SRR5935926	13757152	13757152	12678945	12678945	98599	57868	12630206	12630206	112228	72052	13757152	12678945	12630206	156467	184280	1078207	48739	1126946	7.837428851552996	0.38440895516149015	91.8082899716453
SRR5935931	8942132	8942132	8208603	8208603	67203	49654	8138589	8138589	77900	60047	8942132	8208603	8138589	116857	137947	733529	70014	803543	8.203066114434455	0.8529344152713927	91.01396624429162
SRR5935932	12765392	12765392	11812413	11812413	87995	72440	11771670	11771670	103017	87269	12765392	11812413	11771670	160435	190286	952979	40743	993722	7.4653328311422005	0.34491682605408397	92.21549953185927
SRR5935933	9809611	9809611	8724803	8724803	70612	33673	8697585	8697585	79386	42561	9809611	8724803	8697585	104285	121947	1084808	27218	1112026	11.058624037181495	0.3119611984362283	88.66391338045922
SRR5935943	4167631	4167631	3941986	3941986	40845	24287	3839626	3839626	45942	29649	4167631	3941986	3839626	65132	75591	225645	102360	328005	5.414226931319016	2.5966606679983135	92.1297015018844
SRR5935944	12927064	12927064	11958999	11958999	120782	60433	11917901	11917901	135351	75372	12927064	11958999	11917901	181215	210723	968065	41098	1009163	7.488668734060573	0.34365752518250064	92.19340911439751
SRR5935945	13903356	13903356	12979161	12979161	174215	37975	12919351	12919351	195906	60386	13903356	12979161	12919351	212190	256292	924195	59810	984005	6.647279980459394	0.4608156105005555	92.92253611286368
SRR5935946	13361372	13361372	12332764	12332764	114027	55706	12287481	12287481	130414	72289	13361372	12332764	12287481	169733	202703	1028608	45283	1073891	7.698371095423434	0.3671764091163992	91.96271909800879
SRR5935954	9090397	9090397	8270887	8270887	134067	76626	8231214	8231214	143242	85899	9090397	8270887	8231214	210693	229141	819510	39673	859183	9.01511782158689	0.47967043921649516	90.5484545944473
SRR5935967	6429839	6429839	5904805	5904805	45424	35532	5832774	5832774	52379	42329	6429839	5904805	5832774	80956	94708	525034	72031	597065	8.165585483555654	1.219870935619381	90.71415318486201
SRR5935974	11363091	11363091	10312906	10312906	84136	48346	10268412	10268412	99824	64332	11363091	10312906	10268412	132482	164156	1050185	44494	1094679	9.24207154549761	0.4314399840355376	90.3663624624673
SRR5935978	6975336	6975336	6484457	6484457	51408	34597	6375579	6375579	58754	42069	6975336	6484457	6375579	86005	100823	490879	108878	599757	7.037352752612921	1.6790611765950487	91.4017475287212
SRR5935980	12236779	12236779	11332496	11332496	103715	51524	11298731	11298731	115174	63351	12236779	11332496	11298731	155239	178525	904283	33765	938048	7.389877679412205	0.29794848372326804	92.33419186535934
SRR5935988	13368981	13368981	12282783	12282783	174564	118183	12225679	12225679	189198	133035	13368981	12282783	12225679	292747	322233	1086198	57104	1143302	8.12476283719754	0.46491092450302185	91.44809914831953
SRR5935992	7495741	7495741	6838514	6838514	94548	21416	6816368	6816368	102461	29602	7495741	6838514	6816368	115964	132063	657227	22146	679373	8.768005724850951	0.3238422850344388	90.93654650020592
SRR5935996	13480452	13480452	12653515	12653515	143549	65928	12601204	12601204	158129	80224	13480452	12653515	12601204	209477	238353	826937	52311	879248	6.134341786165627	0.41341081904909427	93.47760742740674
SRR5936002	7909356	7909356	7145339	7145339	59400	37611	7118612	7118612	68168	46468	7909356	7145339	7118612	97011	114636	764017	26727	790744	9.659661292272089	0.3740480332703599	90.00242244754187
SRR5936005	10654784	10654784	9637470	9637470	70082	45780	9603628	9603628	81771	57311	10654784	9637470	9603628	115862	139082	1017314	33842	1051156	9.547955172061677	0.35115025001374844	90.13442224638247
SRR5936009	12061425	12061425	11086955	11086955	83696	60432	11031859	11031859	97782	74444	12061425	11086955	11031859	144128	172226	974470	55096	1029566	8.079227786103218	0.4969443819335426	91.4639771005499
SRR5936018	6278407	6278407	5755778	5755778	85737	57076	5733282	5733282	94059	65444	6278407	5755778	5733282	142813	159503	522629	22496	545125	8.324229378566889	0.39084203734056455	91.31746317178865
SRR5936026	5514569	5514569	4981478	4981478	75876	42053	4909820	4909820	80492	46738	5514569	4981478	4909820	117929	127230	533091	71658	604749	9.66695674675573	1.4384887376798612	89.03361259964288
SRR5936030	14845742	14845742	13910350	13910350	137666	64436	13856026	13856026	158392	85142	14845742	13910350	13856026	202102	243534	935392	54324	989716	6.3007426641255115	0.39052935404213407	93.33333423145842
SRR5936038	13283964	13283964	12237603	12237603	134743	39944	12191887	12191887	149110	55191	13283964	12237603	12191887	174687	204301	1046361	45716	1092077	7.876873198391685	0.37356988946283026	91.77898253864585
SRR5936051	12500069	12500069	11383885	11383885	83335	58223	11337166	11337166	96217	71028	12500069	11383885	11337166	141558	167245	1116184	46719	1162903	8.929422709586643	0.41039592371145706	90.69682735351302
SRR5936053	16176497	16176497	15142886	15142886	145821	72934	15097459	15097459	162438	90118	16176497	15142886	15097459	218755	252556	1033611	45427	1079038	6.389584840277843	0.2999890509642614	93.3295941636808
SRR5936062	11840387	11840387	10864837	10864837	95516	51224	10784833	10784833	121235	77285	11840387	10864837	10784833	146740	198520	975550	80004	1055554	8.23917326350904	0.7363571123984649	91.08513936242117
SRR5936063	9126136	9126136	8338474	8338474	118957	78020	8310800	8310800	129093	87925	9126136	8338474	8310800	196977	217018	787662	27674	815336	8.630837848570303	0.3318832678497289	91.06592319027462
SRR5936064	5421589	5421589	4887216	4887216	34591	26396	4808373	4808373	39016	30828	5421589	4887216	4808373	60987	69844	534373	78843	613216	9.856390810885886	1.61324975200605	88.68936763742143
SRR5936075	5035188	5035188	4589529	4589529	55521	15072	4572065	4572065	61517	21332	5035188	4589529	4572065	70593	82849	445659	17464	463123	8.850890969711559	0.380518349486407	90.80226994503482
SRR5936076	11343395	11343395	10474253	10474253	78646	54245	10433091	10433091	91738	67575	11343395	10474253	10433091	132891	159313	869142	41162	910304	7.662097634790995	0.3929826785738324	91.97503040315532
SRR5936079	6302577	6302577	5814812	5814812	48795	29192	5784559	5784559	55946	36382	6302577	5814812	5784559	77987	92328	487765	30253	518018	7.739135912183222	0.5202747741457505	91.78085408555897
SRR5936080	11132309	11132309	10301373	10301373	83633	58533	10262603	10262603	98296	73073	11132309	10301373	10262603	142166	171369	830936	38770	869706	7.464183755589249	0.3763575981570612	92.18755066895825
SRR5936082	7711559	7711559	7255387	7255387	70339	38570	7168896	7168896	79617	48075	7711559	7255387	7168896	108909	127692	456172	86491	542663	5.915431626730729	1.1920935437351585	92.96299230804044
SRR5936087	10487401	10487401	9705939	9705939	90442	52554	9670868	9670868	103369	65556	10487401	9705939	9670868	142996	168925	781462	35071	816533	7.4514362519369675	0.36133546687239637	92.21415296316027
SRR5936088	9067651	9067651	8305390	8305390	72986	38020	8281937	8281937	81146	46445	9067651	8305390	8281937	111006	127591	762261	23453	785714	8.40637779288153	0.2823828862943221	91.3349774930685
SRR5936092	11097376	11097376	10192251	10192251	151408	95834	10160133	10160133	162665	106924	11097376	10192251	10160133	247242	269589	905125	32118	937243	8.156207377311537	0.31512175279042876	91.55437285354664
SRR5936109	15402011	15402011	14282575	14282575	182428	53138	14228631	14228631	202504	73905	15402011	14282575	14228631	235566	276409	1119436	53944	1173380	7.2681158324065605	0.37769099759672187	92.38164418919062
SRR5936119	10590156	10590156	9792382	9792382	93130	55683	9765036	9765036	103324	65795	10590156	9792382	9765036	148813	169119	797774	27346	825120	7.53316570596316	0.2792578965975796	92.20861335753695
SRR5936140	9928504	9928504	9294530	9294530	83293	45427	9224830	9224830	95023	57283	9928504	9294530	9224830	128720	152306	633974	69700	703674	6.385393005834515	0.7499034378284862	92.91258783800662
SRR5936148	7508980	7508980	6948365	6948365	155163	40907	6920076	6920076	163924	50213	7508980	6948365	6920076	196070	214137	560615	28289	588904	7.4659274628511465	0.4071317496993897	92.15733694856026
SRR5936153	9754730	9754730	9190493	9190493	108025	47148	9158059	9158059	120425	59790	9754730	9190493	9158059	155173	180215	564237	32434	596671	5.784240055849828	0.35290816281564	93.88326483664848
SRR5936157	10425777	10425777	9641769	9641769	83858	50501	9580269	9580269	96097	62886	10425777	9641769	9580269	134359	158983	784008	61500	845508	7.519899955657981	0.6378497555790851	91.89021595224989
SRR5936163	7874708	7874708	7201706	7201706	47642	38202	7175855	7175855	56352	46669	7874708	7201706	7175855	85844	103021	673002	25851	698853	8.546374036980165	0.35895661389120853	91.12534712398225
SRR5936166	9159203	9159203	8356542	8356542	67505	39211	8324587	8324587	78945	50794	9159203	8356542	8324587	106716	129739	802661	31955	834616	8.763437168059273	0.3823950145885702	90.88767876418942
SRR5936167	11924179	11924179	11020881	11020881	169313	96883	10990805	10990805	179922	107652	11924179	11020881	10990805	266196	287574	903298	30076	933374	7.5753475354571584	0.2729001429196087	92.17242545587415
SRR5936176	13425583	13425583	12349110	12349110	112378	54573	12296206	12296206	129015	71482	13425583	12349110	12296206	166951	200497	1076473	52904	1129377	8.018072660233823	0.4284033424271061	91.58787368861374
SRR5936179	4338539	4338539	4011169	4011169	35144	22314	3993514	3993514	41382	28632	4338539	4011169	3993514	57458	70014	327370	17655	345025	7.545627687108494	0.440146002325008	92.04743808918164
SRR5936182	6535432	6535432	6182768	6182768	61367	35632	6133118	6133118	70073	44441	6535432	6182768	6133118	96999	114514	352664	49650	402314	5.396184980579708	0.803038380220639	93.8441100756614
SRR5936186	11929917	11929917	10965380	10965380	132206	34834	10923088	10923088	146384	49353	11929917	10965380	10923088	167040	195737	964537	42292	1006829	8.085026911754708	0.38568658815289575	91.56046936453959
SRR5936199	16213174	16213174	15025962	15025962	209591	146856	14969515	14969515	225107	163002	16213174	15025962	14969515	356447	388109	1187212	56447	1243659	7.322514394775508	0.37566313557827447	92.3293304568248
SRR5936207	15409320	15409320	14259415	14259415	125882	89070	14164262	14164262	154235	117937	15409320	14259415	14164262	214952	272172	1149905	95153	1245058	7.462399379077078	0.6672994649499997	91.92009770710193
SRR5936216	7304427	7304427	6756269	6756269	56086	35444	6665871	6665871	64830	44255	7304427	6756269	6665871	91530	109085	548158	90398	638556	7.50446270460366	1.337986986604589	91.25795904319395
SRR5936219	8328916	8328916	7842870	7842870	84417	37447	7790754	7790754	95560	48823	8328916	7842870	7790754	121864	144383	486046	52116	538162	5.835645358891841	0.6645016428934816	93.53863095749794
SRR5936222	15910554	15910554	14867543	14867543	163121	63686	14767876	14767876	199178	101086	15910554	14867543	14767876	226807	300264	1043011	99667	1142678	6.555466264719632	0.6703663140574068	92.81811305879104
SRR5936224	13287987	13287987	12227933	12227933	114927	55533	12184688	12184688	130725	71279	13287987	12227933	12184688	170460	202004	1060054	43245	1103299	7.977536401864331	0.3536574824215998	91.69701927011216
SRR5936237	2856587	2856587	2698696	2698696	31655	14961	2614544	2614544	34769	18347	2856587	2698696	2614544	46616	53116	157891	84152	242043	5.527260328496909	3.11824673842478	91.52684654799592
SRR5936239	11737943	11737943	10847371	10847371	106323	53016	10813810	10813810	117961	65147	11737943	10847371	10813810	159339	183108	890572	33561	924133	7.5871215254666	0.3093929395426781	92.12695955330504
SRR5946605	6810925	6810925	6226151	6226151	66558	44459	6201943	6201943	74977	52693	6810925	6226151	6201943	111017	127670	584774	24208	608982	8.58582351149073	0.38881164301990107	91.05874752695118
SRR5946606	8539908	8539908	8044862	8044862	83258	51289	8006470	8006470	97462	65690	8539908	8044862	8006470	134547	163152	495046	38392	533438	5.796854017631103	0.4772238479665655	93.75358610420628
SRR5946607	10316523	10316523	9514634	9514634	137689	59167	9482798	9482798	148173	69627	10316523	9514634	9482798	196856	217800	801889	31836	833725	7.772861069567722	0.3346003640287162	91.91854658783778
SRR5946615	8471088	8471088	8171511	8171511	33584	18532	8118097	8118097	54041	38944	8471088	8171511	8118097	52116	92985	299577	53414	352991	3.5364642652750153	0.6536612384172279	95.83299099242033
SRR5946617	13580036	13580036	12777828	12777828	156624	97428	12738328	12738328	171717	112864	13580036	12777828	12738328	254052	284581	802208	39500	841708	5.907259745114078	0.309129219770371	93.80187210107543
SRR5946621	14845079	14845079	13748933	13748933	152279	103504	13703290	13703290	168533	119988	14845079	13748933	13703290	255783	288521	1096146	45643	1141789	7.383901426189783	0.33197485215761835	92.30863641749566
SRR5946627	11999861	11999861	11268306	11268306	97539	86254	11217107	11217107	116474	105345	11999861	11268306	11217107	183793	221819	731555	51199	782754	6.09636228286311	0.4543628829391037	93.47697444162061
SRR5946628	18444992	18444992	17342278	17342278	283710	85702	17215505	17215505	328531	131734	18444992	17342278	17215505	369412	460265	1102714	126773	1229487	5.978392400495484	0.7310054653719655	93.33430450932156
SRR5946630	11218266	11218266	10168950	10168950	152077	96112	10138804	10138804	162393	106393	11218266	10168950	10138804	248189	268786	1049316	30146	1079462	9.353638075617035	0.2964514527065233	90.37763946763252
SRR5946632	6685638	6685638	5964783	5964783	65260	19108	5944253	5944253	72103	25893	6685638	5964783	5944253	84368	97996	720855	20530	741385	10.782142257777044	0.3441868715089887	88.91078158883266
SRR5946639	17089704	17089704	15495549	15495549	190411	178529	15434082	15434082	209773	197995	17089704	15495549	15434082	368940	407768	1594155	61467	1655622	9.328160394118003	0.396675200084876	90.31216690470472
SRR5946645	7912057	7912057	7555113	7555113	29881	18184	7521556	7521556	41648	30370	7912057	7555113	7521556	48065	72018	356944	33557	390501	4.511393181318082	0.44416278088759226	95.06448196720524
SRR5946646	10696320	10696320	9901374	9901374	131605	142401	9866891	9866891	144836	155439	10696320	9901374	9866891	274006	300275	794946	34483	829429	7.4319579070184885	0.3482647963807851	92.2456601896727
SRR5946648	11828001	11828001	11372868	11372868	51408	19999	11337892	11337892	64762	33828	11828001	11372868	11337892	71407	98590	455133	34976	490109	3.8479283185721744	0.3075389602693006	95.85636659990136
SRR5946650	11697479	11697479	10741278	10741278	147716	85124	10697281	10697281	157395	94923	11697479	10741278	10697281	232840	252318	956201	43997	1000198	8.174419462518378	0.40960675256705953	91.4494567590162
SRR5946655	397590	397590	360067	360067	6375	2632	287282	287282	5696	2474	397590	360067	287282	9007	8170	37523	72785	110308	9.437611609949949	20.214293450941074	72.25584144470434
SRR5946657	11284554	11284554	10789705	10789705	46713	20908	10741062	10741062	64932	39278	11284554	10789705	10741062	67621	104210	494849	48643	543492	4.385188816500856	0.4508278956653588	95.18375294229617
SRR5946659	10986101	10986101	10100850	10100850	76022	84003	10039638	10039638	98593	105907	10986101	10100850	10039638	160025	204500	885251	61212	946463	8.057917909183614	0.606008405233223	91.38490534539962
SRR5946660	9366380	9366380	8996062	8996062	37611	20764	8958826	8958826	51468	34594	9366380	8996062	8958826	58375	86062	370318	37236	407554	3.9536939564698423	0.4139144438977855	95.64875650998572
SRR5946662	11534988	11534988	10533229	10533229	141498	137511	10511770	10511770	148433	144180	11534988	10533229	10511770	279009	292613	1001759	21459	1023218	8.684525722956971	0.20372670147017596	91.12944027336655
SRR5946664	7862384	7862384	7259416	7259416	93978	44333	7230673	7230673	103044	53580	7862384	7259416	7230673	138311	156624	602968	28743	631711	7.669022525483365	0.3959409407037701	91.96540133374305
SRR5946668	14188261	14188261	13365728	13365728	191607	82538	13315704	13315704	209184	100889	14188261	13365728	13315704	274145	310073	822533	50024	872557	5.797278468446556	0.3742706719753686	93.85014837265821
SRR5946670	16419699	16419699	15103510	15103510	304301	89267	15059865	15059865	320172	106013	16419699	15103510	15059865	393568	426185	1316189	43645	1359834	8.015914299038004	0.2889725633313051	91.71827693065507
SRR5946671	8662942	8662942	7992170	7992170	94222	67382	7963041	7963041	104297	77545	8662942	7992170	7963041	161604	181842	670772	29129	699901	7.743004628219836	0.36446922425323786	91.92074701642929
SRR5946672	14400785	14400785	13203251	13203251	211391	127568	13161555	13161555	226645	143078	14400785	13203251	13161555	338959	369723	1197534	41696	1239230	8.315755009188734	0.31580100991793614	91.39470521919465
SRR5946674	8935028	8935028	8541683	8541683	34704	18352	8499222	8499222	50832	34767	8935028	8541683	8499222	53056	85599	393345	42461	435806	4.402280552450423	0.49710343968513	95.12249989591527
SRR5946679	8549155	8549155	7965132	7965132	155738	58059	7834276	7834276	161986	65477	8549155	7965132	7834276	213797	227463	584023	130856	714879	6.831353508036759	1.6428604070842767	91.63801568693046
SRR5946685	10938449	10938449	10483691	10483691	42316	22728	10432404	10432404	61552	42080	10938449	10483691	10432404	65044	103632	454758	51287	506045	4.157426706473651	0.4892074747338509	95.37370426099714
SRR5946686	6801905	6801905	6323663	6323663	75427	43017	6283040	6283040	85419	53264	6801905	6323663	6283040	118444	138683	478242	40623	518865	7.031000874019852	0.6423966615551777	92.37176937931359
SRR5946688	18650238	18650238	17639709	17639709	177892	134542	17557028	17557028	207588	164238	18650238	17639709	17557028	312434	371826	1010529	82681	1093210	5.418316913703729	0.46872088422773867	94.13835898501671
SRR5946691	23305196	23305196	21870203	21870203	241688	131193	21779223	21779223	275792	165625	23305196	21870203	21779223	372881	441417	1434993	90980	1525973	6.157395114806158	0.41599979661825726	93.45221983973016
SRR5946693	13889900	13889900	12945548	12945548	150102	101923	12898793	12898793	167945	119695	13889900	12945548	12898793	252025	287640	944352	46755	991107	6.798839444488441	0.3611666342745784	92.86454906082837
SRR5946694	10930389	10930389	10514959	10514959	41270	21458	10482213	10482213	52928	33608	10930389	10514959	10482213	62728	86536	415430	32746	448176	3.800688154831452	0.31142299270971957	95.89972506925417
SRR5946701	18371772	18371772	16996715	16996715	231695	99025	16946844	16946844	249739	117657	18371772	16996715	16946844	330720	367396	1375057	49871	1424928	7.484618250215602	0.29341552176405855	92.24392725971126
SRR5946703	16684770	16684770	15270732	15270732	271571	129527	15205420	15205420	295456	153528	16684770	15270732	15205420	401098	448984	1414038	65312	1479350	8.475022430635843	0.4276939704003711	91.13353075888969
SRR5946706	11707518	11707518	10528997	10528997	143211	105843	10488143	10488143	157140	119832	11707518	10528997	10488143	249054	276972	1178521	40854	1219375	10.066360777749818	0.38801416697145985	89.58468396119486
SRR5946707	11137969	11137969	10093969	10093969	146848	102900	10059996	10059996	158383	114618	11137969	10093969	10059996	249748	273001	1044000	33973	1077973	9.373342662383061	0.3365673106386596	90.321637634294
SRR5946711	7922073	7922073	7027244	7027244	95627	70091	7005072	7005072	102892	77222	7922073	7027244	7005072	165718	180114	894829	22172	917001	11.295389476971495	0.31551487325614425	88.42473428356442
SRR5946713	7753130	7753130	6875740	6875740	82208	72809	6853085	6853085	89297	80123	7753130	6875740	6853085	155017	169420	877390	22655	900045	11.31659084782533	0.3294918074272733	88.39120458447104
SRR5946714	12422434	12422434	11397635	11397635	166836	117883	11341503	11341503	180825	131983	12422434	11397635	11341503	284719	312808	1024799	56132	1080931	8.249582972225895	0.4924881345998534	91.29855711046643
SRR5946715	4184631	4184631	3864340	3864340	40064	67357	3765818	3765818	46254	72070	4184631	3864340	3765818	107421	118324	320291	98522	418813	7.653984305904153	2.5495168644580963	89.99163845031975
SRR5946716	15236470	15236470	14374898	14374898	144585	95073	14304403	14304403	172281	123638	15236470	14374898	14304403	239658	295919	861572	70495	932067	5.654669355828482	0.4904034797325171	93.88265785972735
SRR5946720	307328	307328	285628	285628	3538	2888	205362	205362	3084	2371	307328	285628	205362	6426	5455	21700	80266	101966	7.0608600583090375	28.10158667917711	66.82176697209496
SRR5946723	7756364	7756364	6981536	6981536	94697	60930	6957609	6957609	102951	69223	7756364	6981536	6957609	155627	172174	774828	23927	798755	9.989577590737102	0.34271827861376064	89.70194023900889
SRR5946725	14992107	14992107	13706142	13706142	214689	117347	13665057	13665057	229158	132070	14992107	13706142	13665057	332036	361228	1285965	41085	1327050	8.577613540244878	0.29975612393334317	91.148342257696
SRR5946731	8937765	8937765	7876826	7876826	114413	65050	7851363	7851363	122412	73291	8937765	7876826	7851363	179463	195703	1060939	25463	1086402	11.870294195472805	0.3232647261726995	87.84481355238138
SRR5946733	16170277	16170277	14745011	14745011	170407	172008	14701106	14701106	183401	184867	16170277	14745011	14701106	342415	368268	1425266	43905	1469171	8.814109987107827	0.2977617310695801	90.91437332829858
SRR5946737	20950066	20950066	19428605	19428605	263177	212112	19365381	19365381	286391	235265	20950066	19428605	19365381	475289	521656	1521461	63224	1584685	7.262320796507276	0.32541708475724324	92.4358949513572
SRR5946740	6757290	6757290	6448028	6448028	24571	15381	6427411	6427411	32012	23121	6757290	6448028	6427411	39952	55133	309262	20617	329879	4.576716405541275	0.31974116737706476	95.11817607354428
SRR5946742	12072577	12072577	11194959	11194959	109886	101601	11151618	11151618	125170	116605	12072577	11194959	11151618	211487	241775	877618	43341	920959	7.2695166905955535	0.38714746521179755	92.37147959379344
SRR5946747	20893032	20893032	19628390	19628390	247054	143356	19536393	19536393	279904	176744	20893032	19628390	19536393	390410	456648	1264642	91997	1356639	6.052936692003343	0.46869356070467316	93.50673947180093
SRR5946749	13447822	13447822	12948944	12948944	55435	24523	12898735	12898735	75023	44340	13447822	12948944	12898735	79958	119363	498878	50209	549087	3.7097308396854154	0.3877459042219968	95.91690758548113
SRR5946750	15262020	15262020	14693994	14693994	52841	33028	14651307	14651307	68977	49854	15262020	14693994	14651307	85869	118831	568026	42687	610713	3.7218271238014364	0.29050644773640166	95.99847857623041
SRR5946754	7983893	7983893	7691172	7691172	30183	16718	7659029	7659029	42961	29305	7983893	7691172	7659029	46901	72266	292721	32143	324864	3.6663943266774743	0.4179207018124156	95.93100759241138
SRR5946756	14152760	14152760	12933347	12933347	138558	114794	12881798	12881798	155997	132282	14152760	12933347	12881798	253352	288279	1219413	51549	1270962	8.616079125202434	0.39857432109414526	91.01968803258163
SRR5946760	20347591	20347591	19028655	19028655	249435	118469	18933232	18933232	282765	152430	20347591	19028655	18933232	367904	435195	1318936	95423	1414359	6.4820253169036075	0.5014700198201082	93.04901007691771
SRR5946762	12316821	12316821	11452230	11452230	99377	91930	11412436	11412436	113174	105536	12316821	11452230	11412436	191307	218710	864591	39794	904385	7.019595397221409	0.3474781767393774	92.65731798813997
SRR5946774	6867901	6867901	6537277	6537277	118388	35295	6514226	6514226	125711	42974	6867901	6537277	6514226	153683	168685	330624	23051	353675	4.814047261310261	0.3526085861131477	94.85031889655951
SRR5946776	19711057	19711057	18449227	18449227	190889	138870	18342538	18342538	229401	177577	19711057	18449227	18342538	329759	406978	1261830	106689	1368519	6.401635386676626	0.5782843909937256	93.05709988053913
SRR5946780	9065716	9065716	8657325	8657325	83105	61390	8621175	8621175	97160	75455	9065716	8657325	8621175	144495	172615	408391	36150	444541	4.504784839939835	0.41756547201358385	95.09646011412667
SRR5946782	10424953	10424953	9726293	9726293	134833	64654	9682295	9682295	150890	81138	10424953	9726293	9682295	199487	232028	698660	43998	742658	6.701804794707468	0.45236144952655655	92.87615013707976
SRR5946785	6640013	6640013	5995824	5995824	88283	35123	5977494	5977494	93978	40757	6640013	5995824	5977494	123406	134735	644189	18330	662519	9.701622572124482	0.30571277609216013	90.02232375147459
SRR5946786	20575054	20575054	18838730	18838730	254345	232009	18787467	18787467	273092	250625	20575054	18838730	18787467	486354	523717	1736324	51263	1787587	8.438976636464721	0.2721149461773697	91.31187213409015
SRR5946790	20861738	20861738	19680384	19680384	178565	143220	19617025	19617025	203566	168095	20861738	19680384	19617025	321785	371661	1181354	63359	1244713	5.662778431979158	0.32193985645808537	94.0335124523182
SRR5946791	16280061	16280061	15203797	15203797	185504	135062	15135100	15135100	210683	160011	16280061	15203797	15135100	320566	370694	1076264	68697	1144961	6.610933460261605	0.4518410762785112	92.96709637635878
SRR5946794	7920291	7920291	7180292	7180292	99320	85746	7154100	7154100	108372	94762	7920291	7180292	7154100	185066	203134	739999	26192	766191	9.343078429820318	0.3647762514393565	90.32622665000567
SRR5946801	7302245	7302245	6901740	6901740	68771	53461	6870762	6870762	81132	65743	7302245	6901740	6870762	122232	146875	400505	30978	431483	5.484683135118035	0.4488433351589599	94.09109116442957
SRR5946808	8452235	8452235	7532176	7532176	106084	72792	7511244	7511244	113405	80004	8452235	7532176	7511244	178876	193409	920059	20932	940991	10.885393035096634	0.27790110055845746	88.86695649138956
SRR5946814	17133574	17133574	15891300	15891300	281133	148693	15832529	15832529	301733	170083	17133574	15891300	15832529	429826	471816	1242274	58771	1301045	7.250524613253487	0.3698312913355106	92.4064588042168
SRR5946817	15182778	15182778	14271690	14271690	185327	115881	14182322	14182322	218211	149121	15182778	14271690	14182322	301208	367332	911088	89368	1000456	6.000799063254432	0.6261907314410556	93.41058665285101
SRR5946821	7161596	7161596	6342193	6342193	85414	40001	6318636	6318636	91430	46162	7161596	6342193	6318636	125415	137592	819403	23557	842960	11.441625581783725	0.37143303585999354	88.22943935960643
SRR5946825	11207458	11207458	10032104	10032104	132631	93006	9998378	9998378	144011	104658	11207458	10032104	9998378	225637	248669	1175354	33726	1209080	10.487248758817566	0.3361807253991785	89.21182662473507
SRR5946829	11057834	11057834	9984879	9984879	182967	67267	9952369	9952369	194241	78788	11057834	9984879	9952369	250234	273029	1072955	32510	1105465	9.703120882444066	0.32559232815940986	90.0028794065818
SRR5946833	8398600	8398600	7531466	7531466	102336	72717	7502255	7502255	111989	82287	8398600	7531466	7502255	175053	194276	867134	29211	896345	10.324744600290524	0.38785277660418305	89.32744743171482
SRR5946834	10635555	10635555	9613511	9613511	157901	73916	9576993	9576993	170360	86668	10635555	9613511	9576993	231817	257028	1022044	36518	1058562	9.609691266699294	0.3798612182375409	90.04695100537772
SRR5946836	7465045	7465045	7133592	7133592	100845	37973	7099742	7099742	113899	51223	7465045	7133592	7099742	138818	165122	331453	33850	365303	4.440067005624212	0.47451550354996475	95.10648629713552
SRR5946843	17021353	17021353	16010706	16010706	147775	131637	15940005	15940005	174848	158243	17021353	16010706	15940005	279412	333091	1010647	70701	1081348	5.937524472937022	0.4415857739190264	93.6471090165394
SRR5946844	10456082	10456082	9765232	9765232	108274	132995	9734571	9734571	119616	144176	10456082	9765232	9734571	241269	263792	690850	30661	721511	6.607159354718144	0.3139812756112707	93.0996046128942
SRR5946847	18785776	18785776	17395434	17395434	240450	134475	17318816	17318816	267933	162416	18785776	17395434	17318816	374925	430349	1390342	76618	1466960	7.401035762376811	0.4404489132033153	92.19111310600105
SRR5946848	2570499	2570499	2390520	2390520	42643	10913	2259954	2259954	43527	12962	2570499	2390520	2259954	53556	56489	179979	130566	310545	7.001714453108132	5.461824205612168	87.9188826760874
SRR5946854	9209438	9209438	8835516	8835516	34160	21377	8800099	8800099	47758	34888	9209438	8835516	8800099	55537	82646	373922	35417	409339	4.060204325171633	0.4008481225092004	95.55522280512665
SRR5946856	14302857	14302857	13153099	13153099	164229	127583	13102876	13102876	182300	145904	14302857	13153099	13102876	291812	328204	1149758	50223	1199981	8.038659688760085	0.38183396931780106	91.61020067529165
SRR5946862	17647295	17647295	16243453	16243453	247327	137714	16175555	16175555	265849	156434	17647295	16243453	16175555	385041	422283	1403842	67898	1471740	7.9549982022740595	0.4180022560474057	91.66025161363257
SRR5946865	14709456	14709456	13662953	13662953	225784	122799	13622062	13622062	240963	138130	14709456	13662953	13622062	348583	379093	1046503	40891	1087394	7.114491521644308	0.2992837639125305	92.60751723245238
SRR5946866	6676176	6676176	5859666	5859666	78895	54626	5843300	5843300	83859	59678	6676176	5859666	5843300	133521	143537	816510	16366	832876	12.230204835822184	0.2792991955514188	87.52465483234714
SRR5946867	20152182	20152182	18960833	18960833	294490	110480	18876400	18876400	324647	141810	20152182	18960833	18876400	404970	466457	1191349	84433	1275782	5.911761813187277	0.44530216578564874	93.66926122441728
SRR5946868	6461554	6461554	6090295	6090295	58727	49206	6066630	6066630	67952	58269	6461554	6090295	6066630	107933	126221	371259	23665	394924	5.745661183052869	0.3885690266235051	93.8880956500557
SRR5946873	9058935	9058935	8683766	8683766	38428	22704	8642183	8642183	54211	38754	9058935	8683766	8642183	61132	92965	375169	41583	416752	4.141425012984418	0.47885905723392364	95.39954751855488
SRR5946876	23352952	23352952	21556552	21556552	224598	193189	21448375	21448375	263137	231468	23352952	21556552	21448375	417787	494605	1796400	108177	1904577	7.692389381864871	0.5018288639110745	91.84438438446668
SRR5946881	14279688	14279688	13170747	13170747	126106	97506	13114659	13114659	147263	118357	14279688	13170747	13114659	223612	265620	1108941	56088	1165029	7.765862951627515	0.42585283887087044	91.84135535734394
SRR5946883	7190706	7190706	6560778	6560778	75910	106371	6516834	6516834	86910	116811	7190706	6560778	6516834	182281	203721	629928	43944	673872	8.760308097702785	0.6697986122987243	90.62856971207
SRR5946887	14755898	14755898	13512270	13512270	207736	116963	13455622	13455622	227684	137071	14755898	13512270	13455622	324699	364755	1243628	56648	1300276	8.428006211482352	0.41923377789224164	91.1880930594668
SRR5946889	15686036	15686036	14119974	14119974	185329	135996	14071626	14071626	200696	151561	15686036	14119974	14071626	321325	352257	1566062	48348	1614410	9.9837970536342	0.3424085625086845	89.70797975983224
SRR5946891	12643856	12643856	11567103	11567103	87100	64713	11528861	11528861	100675	78194	12643856	11567103	11528861	151813	178869	1076753	38242	1114995	8.516017581978156	0.33061000667150625	91.18152721764626
SRR5946892	9972398	9972398	8917180	8917180	115903	81775	8882164	8882164	123983	89964	9972398	8917180	8882164	197678	213947	1055218	35016	1090234	10.581386743689933	0.3926801971026715	89.06748406952872
SRR5946902	23274888	23274888	21389773	21389773	297413	202398	21291480	21291480	333248	238474	23274888	21389773	21291480	499811	571722	1885115	98293	1983408	8.099351541455324	0.4595326934979628	91.47833493334103
SRR5946903	14363601	14363601	13000943	13000943	168674	135992	12960515	12960515	181145	148632	14363601	13000943	12960515	304666	329777	1362658	40428	1403086	9.486882850616638	0.31096205867528226	90.23165569692446
SRR5946905	17093786	17093786	15547137	15547137	228398	146323	15494256	15494256	246216	164097	17093786	15547137	15494256	374721	410313	1546649	52881	1599530	9.048018970168458	0.3401333634610668	90.64262299762031
SRR5946907	12527895	12527895	11827718	11827718	101477	93479	11779725	11779725	120729	112594	12527895	11827718	11779725	194956	233323	700177	47993	748170	5.588943713209601	0.40576719871068956	94.02796718842232
SRR5946908	8840589	8840589	8468402	8468402	31731	18482	8430864	8430864	45028	32281	8840589	8468402	8430864	50213	77309	372187	37538	409725	4.209979674431194	0.4432713515489699	95.36541060782262
SRR5946910	22334679	22334679	21014439	21014439	173035	173866	20929066	20929066	205934	206194	22334679	21014439	20929066	346901	412128	1320240	85373	1405613	5.9111662182384626	0.40625876331982974	93.7065896492177
SRR5946913	354351	354351	305468	305468	2342	2184	304321	304321	2605	2414	354351	305468	304321	4526	5019	48883	1147	50030	13.795078890704415	0.37548941296633365	85.8812307570742
SRR5946914	9352382	9352382	8733039	8733039	156578	105327	8697086	8697086	169593	118597	9352382	8733039	8697086	261905	288190	619343	35953	655296	6.6223022113510766	0.4116894473962615	92.99327166063148
SRR5946921	15028857	15028857	14021515	14021515	201917	89801	13953839	13953839	225809	114104	15028857	14021515	13953839	291718	339913	1007342	67676	1075018	6.702718643207531	0.4826582576847081	92.84697432412858
SRR5946923	14309924	14309924	13131835	13131835	156559	153301	13089044	13089044	171442	167855	14309924	13131835	13089044	309860	339297	1178089	42791	1220880	8.232671256674738	0.3258569727688476	91.46829850389142
SRR5946924	17176189	17176189	15763263	15763263	250367	144272	15706767	15706767	271188	165096	17176189	15763263	15706767	394639	436284	1412926	56496	1469422	8.226073897999143	0.35840295248515486	91.44500564123975
SRR5946925	14778572	14778572	13322175	13322175	166966	144197	13272899	13272899	183846	161185	14778572	13322175	13272899	311163	345031	1456397	49276	1505673	9.854788405808085	0.36987954294250003	89.81178289756276
SRR5946927	9495156	9495156	8788715	8788715	135080	75398	8695336	8695336	143363	83938	9495156	8788715	8695336	210478	227301	706441	93379	799820	7.440014676957388	1.062487519506549	91.5765470309282
SRR5946929	8825461	8825461	8013599	8013599	168108	48631	7977792	7977792	178514	59594	8825461	8013599	7977792	216739	238108	811862	35807	847669	9.199088863459938	0.4468279483413133	90.39518728823344
SRR5946930	15880783	15880783	14837169	14837169	189096	91196	14766185	14766185	215374	117911	15880783	14837169	14766185	280292	333285	1043614	70984	1114598	6.571552548762867	0.4784201083104196	92.98146697174818
SRR5946933	12439344	12439344	11562998	11562998	140695	65646	11527548	11527548	154100	79161	12439344	11562998	11527548	206341	233261	876346	35450	911796	7.044953495939978	0.3065813900512653	92.67006363036508
SRR5946935	9704045	9704045	8787542	8787542	120417	130554	8742884	8742884	134852	144576	9704045	8787542	8742884	250971	279428	916503	44658	961161	9.444546063007746	0.508196717580411	90.09525409249441
SRR5946938	11181005	11181005	10307170	10307170	149523	129314	10263104	10263104	163106	142483	11181005	10307170	10263104	278837	305589	873835	44066	917901	7.815352913266741	0.42752763367636315	91.79053224643044
SRR5946942	9793362	9793362	8840548	8840548	141907	92243	8813734	8813734	150745	101045	9793362	8840548	8813734	234150	251790	952814	26814	979628	9.72918186828997	0.3033069895667101	89.9970204307775
SRR5946943	13927094	13927094	12829155	12829155	130528	80871	12774494	12774494	150617	101018	13927094	12829155	12774494	211399	251635	1097939	54661	1152600	7.88347518872207	0.4260685914232075	91.72404523154651
SRR5946944	7660588	7660588	7211832	7211832	65293	52509	7183122	7183122	76321	63347	7660588	7211832	7183122	117802	139668	448756	28710	477466	5.857983747461683	0.39809579590872335	93.76724084365325
SRR5946945	11045364	11045364	10182229	10182229	138326	60637	10141768	10141768	152751	75310	11045364	10182229	10141768	198963	228061	863135	40461	903596	7.814455005738154	0.39736878830755035	91.81922841112343
SRR5946946	12259680	12259680	11778229	11778229	46161	29610	11727685	11727685	64906	48384	12259680	11778229	11727685	75771	113290	481451	50544	531995	3.927109027315558	0.4291307292463069	95.66061267504536
SRR5946948	5606387	5606387	5254062	5254062	54277	49305	5194342	5194342	59943	54749	5606387	5254062	5194342	103582	114692	352325	59720	412045	6.284350331149098	1.1366443715357755	92.65043601164172
SRR5946952	7554970	7554970	6798530	6798530	89449	71795	6779346	6779346	95984	78315	7554970	6798530	6779346	161244	174299	756440	19184	775624	10.012481849696293	0.2821786474429031	89.73359258871974
SRR5946955	15652704	15652704	14542132	14542132	122669	64779	14494799	14494799	140016	82642	15652704	14542132	14494799	187448	222658	1110572	47333	1157905	7.095080824373859	0.32548872476195373	92.60252413896028
SRR5946958	12892252	12892252	12061126	12061126	91113	84456	12018125	12018125	107447	100712	12892252	12061126	12018125	175569	208159	831126	43001	874127	6.44670923280122	0.35652558475883595	93.21974935022989
SRR5946961	15764689	15764689	14338025	14338025	201480	140581	14296618	14296618	215649	155199	15764689	14338025	14296618	342061	370848	1426664	41407	1468071	9.049744019688559	0.2887915176602077	90.68759935575005
SRR5946962	8025794	8025794	7260662	7260662	104340	70180	7234541	7234541	113002	78877	8025794	7260662	7234541	174520	191879	765132	26121	791253	9.53341189669209	0.35976058381453374	90.14112497779035
SRR5946965	8091136	8091136	7351001	7351001	83137	88840	7324763	7324763	90622	96259	8091136	7351001	7324763	171977	186881	740135	26238	766373	9.147479414509903	0.35693098123643296	90.52823979228627
SRR5946968	8032813	8032813	7272908	7272908	101606	75544	7198254	7198254	107447	81397	8032813	7272908	7198254	177150	188844	759905	74654	834559	9.460011082045604	1.0264669922952414	89.61062581688383
SRR5946969	16988016	16988016	15528377	15528377	311783	102210	15473762	15473762	330506	121668	16988016	15528377	15473762	413993	452174	1459639	54615	1514254	8.592168738244654	0.35171093540554815	91.0863399233907
SRR5946973	7502483	7502483	6890793	6890793	86542	50552	6858451	6858451	94089	58298	7502483	6890793	6858451	137094	152387	611690	32342	644032	8.153167424704595	0.4693509150543341	91.41574862615484
SRR5946978	11471641	11471641	10709647	10709647	137193	65584	10661163	10661163	154543	83299	11471641	10709647	10661163	202777	237842	761994	48484	810478	6.6424149779443065	0.45271333406227116	92.93494278630233
SRR5946984	10510512	10510512	9617593	9617593	138814	108886	9590202	9590202	148698	118760	10510512	9617593	9590202	247700	267458	892919	27391	920310	8.495485281782658	0.2848009891872114	91.2439089551489
SRR5946985	21160122	21160122	19675664	19675664	258452	141193	19564713	19564713	298066	181505	21160122	19675664	19564713	399645	479571	1484458	110951	1595409	7.015356527717563	0.5638996478085823	92.46030339522618
SRR5946989	16114296	16114296	15232406	15232406	144886	126769	15158477	15158477	173462	155331	16114296	15232406	15158477	271655	328793	881890	73929	955819	5.472718137981331	0.4853402673221814	94.06850289953715
SRR5946993	24495164	24495164	23071834	23071834	256958	163093	22962461	22962461	298820	204155	24495164	23071834	22962461	420051	502975	1423330	109373	1532703	5.810657156653452	0.4740542082610338	93.74283429986426
SRR5946999	10671026	10671026	9864908	9864908	160831	95739	9828380	9828380	173392	108430	10671026	9864908	9828380	256570	281822	806118	36528	842646	7.554268914722914	0.3702822165194039	92.10342098313696
SRR5947007	15291873	15291873	14201488	14201488	157671	101163	14146176	14146176	177085	120617	15291873	14201488	14146176	258834	297702	1090385	55312	1145697	7.13048689326677	0.3894803136122074	92.507804635835
SRR5947010	15421855	15421855	14406799	14406799	119382	100421	14363907	14363907	135755	116792	15421855	14406799	14363907	219803	252547	1015056	42892	1057948	6.5819319400941065	0.29772054153042604	93.13994328179068
SRR5947011	16129242	16129242	15077582	15077582	213897	89155	15023807	15023807	232538	108499	16129242	15077582	15023807	303052	341037	1051660	53775	1105435	6.520207211225425	0.356655331073643	93.14639212431682
SRR5947015	15518647	15518647	14452304	14452304	182004	112278	14395002	14395002	203138	133986	15518647	14452304	14395002	294282	337124	1066343	57302	1123645	6.871365783370161	0.3964904142619751	92.75938810902781
SRR5947017	15526625	15526625	14225914	14225914	196155	143757	14175763	14175763	213910	161501	15526625	14225914	14175763	339912	375411	1300711	50151	1350862	8.377293842029417	0.3525327089704043	91.2997061499199
SRR5947019	13555880	13555880	12457669	12457669	169124	113980	12408556	12408556	186919	132086	13555880	12457669	12408556	283104	319005	1098211	49113	1147324	8.101362655910203	0.3942390827690156	91.53633699914724
SRR5947020	9217804	9217804	8440859	8440859	107895	92112	8414139	8414139	117315	101714	9217804	8440859	8414139	200007	219029	776945	26720	803665	8.428742897983078	0.31655545958059483	91.2813832882539
SRR5947021	10786185	10786185	9951175	9951175	155363	86808	9855119	9855119	165089	96793	10786185	9951175	9855119	242171	261882	835010	96056	931066	7.741476713036167	0.965272945154718	91.36797672207551
SRR5947022	9431824	9431824	8590800	8590800	110648	73570	8560826	8560826	119404	82459	9431824	8590800	8560826	184218	201863	841024	29974	870998	8.916875463325015	0.3489081342831867	90.76532810620724
SRR5947023	9276303	9276303	8455140	8455140	170216	54437	8422582	8422582	181867	66404	9276303	8455140	8422582	224653	248271	821163	32558	853721	8.852265821847347	0.3850675447124471	90.79675383609181
SRR5947025	7428994	7428994	6555582	6555582	68948	68702	6537453	6537453	74677	74432	7428994	6555582	6537453	137650	149109	873412	18129	891541	11.756800449697495	0.2765429522504638	87.99916920110583
SRR5947037	9116614	9116614	8687558	8687558	30198	20182	8624356	8624356	53556	43458	9116614	8687558	8624356	50380	97014	429056	63202	492258	4.706308723831019	0.7275001789916108	94.60042950156713
SRR5947039	13493110	13493110	12391521	12391521	156565	84942	12345643	12345643	172757	101382	13493110	12391521	12345643	241507	274139	1101589	45878	1147467	8.164085225718903	0.370237035469657	91.49590420592436
SRR5947044	11343889	11343889	10642731	10642731	150345	62384	10606472	10606472	163867	76424	11343889	10642731	10606472	212729	240291	701158	36259	737417	6.180931424840282	0.3406926286119606	93.49943392429175
SRR5947046	13145331	13145331	12036164	12036164	146085	197632	12000817	12000817	158285	209984	13145331	12036164	12000817	343717	368269	1109167	35347	1144514	8.43772591196068	0.2936732998985391	91.29338013626283
SRR5947050	10081805	10081805	9264758	9264758	143561	51846	9195823	9195823	154891	64040	10081805	9264758	9195823	195407	218931	817047	68935	885982	8.104173806178556	0.7440561318493154	91.21206966411273
SRR5947056	292768	292768	259496	259496	2844	3196	60596	60596	1103	1003	292768	259496	60596	6040	2106	33272	198900	232172	11.364630014209203	76.64858032493757	20.69761722592633
SRR5947057	14967117	14967117	13819568	13819568	131112	55408	13769709	13769709	149768	74095	14967117	13819568	13769709	186520	223863	1147549	49859	1197408	7.6671345590470095	0.36078551804224274	91.9997418340486
SRR5947058	11624674	11624674	10651074	10651074	167115	132827	10618946	10618946	178927	144467	11624674	10651074	10618946	299942	323394	973600	32128	1005728	8.375288631750017	0.30164094250025864	91.34833372531565
SRR5947064	8281160	8281160	7622271	7622271	121130	67354	7557809	7557809	129444	75652	8281160	7622271	7557809	188484	205096	658889	64462	723351	7.9564819421433715	0.8457059582373809	91.26510054147003
SRR5947070	13082252	13082252	12089187	12089187	196311	106277	12048020	12048020	211565	122014	13082252	12089187	12048020	302588	333579	993065	41167	1034232	7.590933120689007	0.3405274482064013	92.09438864195553
SRR5947072	16251507	16251507	14685584	14685584	214990	126899	14631565	14631565	231885	143835	16251507	14685584	14631565	341889	375720	1565923	54019	1619942	9.635555644162723	0.36783692088785847	90.03205056614134
SRR5947073	5049631	5049631	4627144	4627144	65877	48375	4561385	4561385	70258	52866	5049631	4627144	4561385	114252	123124	422487	65759	488246	8.366690556201037	1.4211574137308025	90.33105587319153
SRR5947074	9387974	9387974	8964535	8964535	31720	20772	8895710	8895710	56913	46187	9387974	8964535	8895710	52492	103100	423439	68825	492264	4.51044069785451	0.7677475741909647	94.75644052699762
SRR5947080	3082896	3082896	2816571	2816571	35455	30627	2639402	2639402	36223	31388	3082896	2816571	2639402	66082	67611	266325	177169	443494	8.638792875270525	6.290237313385673	85.61437038421018
SRR5947082	10572074	10572074	9768121	9768121	119769	29990	9728575	9728575	130683	41038	10572074	9768121	9728575	149759	171721	803953	39546	843499	7.604496525468891	0.40484756484896123	92.02144252868453
SRR5947086	10927312	10927312	9893449	9893449	120756	164225	9856469	9856469	133340	176237	10927312	9893449	9856469	284981	309577	1033863	36980	1070843	9.461274648330715	0.37378269196111485	90.20030726678253
SRR5947089	13616675	13616675	13118420	13118420	52997	28619	13080138	13080138	67715	43578	13616675	13118420	13080138	81616	111293	498255	38282	536537	3.659153207372578	0.2918186793836453	96.05970620581016
SRR5947090	16135928	16135928	14968005	14968005	199946	100415	14898347	14898347	218298	119232	16135928	14968005	14898347	300361	337530	1167923	69658	1237581	7.238028082425752	0.46537932075784316	92.33027688274267
SRR5947095	16264715	16264715	15167272	15167272	197638	124338	15118967	15118967	214167	141042	16264715	15167272	15118967	321976	355209	1097443	48305	1145748	6.747385367650155	0.31848179422113615	92.95562203211061
SRR5947102	7123506	7123506	6830185	6830185	23633	16531	6802312	6802312	34122	27326	7123506	6830185	6802312	40164	61448	293321	27873	321194	4.117649370969857	0.4080855789411268	95.4910685833633
SRR5950484	9085292	9085292	8703772	8703772	35917	17966	8665365	8665365	50553	32682	9085292	8703772	8665365	53883	83235	381520	38407	419927	4.199314672549876	0.4412684523445697	95.3779471259702
SRR5950488	15559449	15559449	14530515	14530515	129804	114155	14479398	14479398	148562	132680	15559449	14530515	14479398	243959	281242	1028934	51117	1080051	6.612920547507819	0.3517906970262238	93.05855239475382
SRR5950489	10650728	10650728	9592642	9592642	130779	109895	9561353	9561353	141009	120152	10650728	9592642	9561353	240674	261161	1058086	31289	1089375	9.934400728288244	0.32617708447787375	89.77182592588976
SRR5950490	10654053	10654053	10265060	10265060	45959	23329	10222904	10222904	61826	39553	10654053	10265060	10222904	69288	101379	388993	42156	431149	3.6511269467122043	0.4106746575275741	95.95319264884454
SRR5950491	11325512	11325512	10511571	10511571	159998	132538	10475358	10475358	172719	144961	11325512	10511571	10475358	292536	317680	813941	36213	850154	7.186792084984767	0.34450606859811916	92.49346078128741
SRR5950492	15423903	15423903	14516071	14516071	171545	90937	14470518	14470518	187610	107475	15423903	14516071	14470518	262482	295085	907832	45553	953385	5.885877264658627	0.31381081010143863	93.81878244436574
SRR5950499	5098677	5098677	4660890	4660890	71993	26603	4616349	4616349	79018	33872	5098677	4660890	4616349	98596	112890	437787	44541	482328	8.586286207186689	0.9556329370570856	90.54013423482209
SRR5950501	11349816	11349816	10534100	10534100	99603	68657	10476442	10476442	113147	81893	11349816	10534100	10476442	168260	195040	815716	57658	873374	7.187041622524982	0.5473462374574003	92.304950141923
SRR5950502	10702348	10702348	10079630	10079630	98701	66605	10006538	10006538	109764	77888	10702348	10079630	10006538	165306	187652	622718	73092	695810	5.818517581375601	0.7251456650690551	93.49852948156797
SRR5950503	12589703	12589703	11817429	11817429	93001	105363	11771491	11771491	109916	121856	12589703	11817429	11771491	198364	231772	772274	45938	818212	6.134171711596373	0.3887309160055034	93.50094279428197
SRR5950504	11201559	11201559	10773003	10773003	40986	25126	10722280	10722280	60863	44645	11201559	10773003	10722280	66112	105508	428556	50723	479279	3.8258603110513456	0.4708343625264005	95.72131879142894
SRR5950506	17512702	17512702	16491220	16491220	232077	107263	16433506	16433506	250150	125763	17512702	16491220	16433506	339340	375913	1021482	57714	1079196	5.832806382475988	0.34996804360138306	93.83763853230644
SRR5950507	7530883	7530883	7177446	7177446	107353	36570	7150785	7150785	117732	47190	7530883	7177446	7150785	143923	164922	353437	26661	380098	4.693168118532714	0.3714552502380373	94.95280965060803
SRR5950508	12549495	12549495	12036225	12036225	43242	25698	11929592	11929592	82303	64792	12549495	12036225	11929592	68940	147095	513270	106633	619903	4.089965373108639	0.8859339203113933	95.06033509714933
SRR5950512	10429510	10429510	9596851	9596851	108611	129230	9562936	9562936	120119	140380	10429510	9596851	9562936	237841	260499	832659	33915	866574	7.983682838407557	0.3533971716347373	91.69113409930092
SRR5950514	9935901	9935901	9557452	9557452	34532	22797	9522718	9522718	47779	36425	9935901	9557452	9522718	57329	84204	378449	34734	413183	3.8089046982251533	0.3634232220051955	95.84151452394705
SRR5950515	10200791	10200791	9219179	9219179	111261	125025	9185728	9185728	122042	135508	10200791	9219179	9185728	236286	257550	981612	33451	1015063	9.622900812299752	0.3628414200440191	90.04917363761301
SRR5950516	10069991	10069991	9408521	9408521	68661	83398	9377363	9377363	78926	93384	10069991	9408521	9377363	152059	172310	661470	31158	692628	6.568724837986449	0.33116788494174587	93.1218607841854
SRR5950518	7704647	7704647	6991687	6991687	92221	109227	6969008	6969008	100155	117013	7704647	6991687	6969008	201448	217168	712960	22679	735639	9.253636149715879	0.3243709279319855	90.45200902779843
SRR5950520	15797767	15797767	14589269	14589269	177656	110431	14512833	14512833	203221	135930	15797767	14589269	14512833	288087	339151	1208498	76436	1284934	7.649802658818807	0.523919327280894	91.86635680852869
SRR5950521	9650670	9650670	8947296	8947296	106799	50665	8919229	8919229	116089	60245	9650670	8947296	8919229	157464	176334	703374	28067	731441	7.288343710851164	0.3136925390643162	92.42082674052682
SRR5950524	10919648	10919648	10100487	10100487	200279	74806	10062890	10062890	214297	89224	10919648	10100487	10062890	275085	303521	819161	37597	856758	7.501716172535964	0.37222957665308615	92.15397785716169
SRR5950532	15229050	15229050	14145088	14145088	215500	86175	14094879	14094879	231520	103066	15229050	14145088	14094879	301675	334586	1083962	50209	1134171	7.117725662467455	0.3549571413058724	92.55258207176416
SRR5950533	9631401	9631401	9101999	9101999	92888	60069	9057766	9057766	103680	70692	9631401	9101999	9057766	152957	174372	529402	44233	573635	5.496625049668268	0.4859701698495023	94.0441167385721
SRR5950534	13799178	13799178	12788591	12788591	106878	99733	12683498	12683498	146153	138153	13799178	12788591	12683498	206611	284306	1010587	105093	1115680	7.32353043058072	0.821771530577528	91.91488072695344
SRR5950538	9755580	9755580	8992891	8992891	149877	47755	8964919	8964919	158305	56754	9755580	8992891	8964919	197632	215059	762689	27972	790661	7.8179769936795145	0.3110456915356808	91.89529479538889
SRR5950539	7107253	7107253	6826071	6826071	26724	13913	6802453	6802453	34588	21797	7107253	6826071	6802453	40637	56385	281182	23618	304800	3.9562683360223705	0.34599698713945404	95.71142324608397
SRR5950541	8879758	8879758	8248916	8248916	117416	54110	8223825	8223825	126591	63574	8879758	8248916	8223825	171526	190165	630842	25091	655933	7.104270183939698	0.3041732998614606	92.6131658092484
SRR5950543	9177770	9177770	8638670	8638670	86691	72133	8601520	8601520	101012	86331	9177770	8638670	8601520	158824	187343	539100	37150	576250	5.8739759222556245	0.43004305060848486	93.72124165238397
SRR5950544	7978006	7978006	7290936	7290936	101122	38589	7266102	7266102	109180	47083	7978006	7290936	7266102	139711	156263	687070	24834	711904	8.612051683089735	0.3406147029681786	91.07666752820191
SRR5950545	9261741	9261741	8417864	8417864	107067	136987	8386988	8386988	116642	146503	9261741	8417864	8386988	244054	263145	843877	30876	874753	9.111429481778858	0.3667913855581416	90.55519907110337
SRR5950548	6833634	6833634	6248223	6248223	70910	108715	6226130	6226130	78832	116422	6833634	6248223	6226130	179625	195254	585411	22093	607504	8.56661331291667	0.3535885322915011	91.11008871707206
SRR5950549	12022158	12022158	11189133	11189133	145154	156331	11161145	11161145	156017	167189	12022158	11189133	11161145	301485	323206	833025	27988	861013	6.92908045294364	0.25013555563241585	92.83811608531514
SRR5950551	11010806	11010806	10622672	10622672	43545	23466	10578574	10578574	60329	40128	11010806	10622672	10578574	67011	100457	388134	44098	432232	3.5250280497177044	0.4151309576347646	96.07447447534722
SRR5950553	11979253	11979253	11520931	11520931	47109	26090	11483785	11483785	61119	40529	11979253	11520931	11483785	73199	101648	458322	37146	495468	3.825964774264305	0.32242185983059873	95.86394911268674
SRR5950555	13509021	13509021	12787729	12787729	101136	90835	12741366	12741366	119882	109130	13509021	12787729	12741366	191971	229012	721292	46363	767655	5.339335840842945	0.36255851214863877	94.3174638635916
SRR5950556	8744105	8744105	8278027	8278027	38349	17853	8247666	8247666	48591	28387	8744105	8278027	8247666	56202	76978	466078	30361	496439	5.3301967439778	0.3667661388396051	94.32258647397303
SRR5950558	7163694	7163694	6460039	6460039	62636	122469	6411266	6411266	68948	128106	7163694	6460039	6411266	185105	197054	703655	48773	752428	9.822516148791392	0.7549954419779819	89.49664795844156
SRR5950559	11322661	11322661	10281108	10281108	153178	138364	10244990	10244990	164343	149308	11322661	10281108	10244990	291542	313651	1041553	36118	1077671	9.198835856694817	0.35130454810901707	90.48217552393382
SRR5950561	9758236	9758236	8762567	8762567	88579	168505	8732637	8732637	98648	177968	9758236	8762567	8732637	257084	276616	995669	29930	1025599	10.20337077316023	0.3415665751828203	89.48991395576003
SRR5950563	9913957	9913957	9119731	9119731	114771	64005	9098431	9098431	121967	71596	9913957	9119731	9098431	178776	193563	794226	21300	815526	8.011190688037077	0.23355952056042004	91.77396068996467
SRR5950564	6073700	6073700	5784083	5784083	23748	12988	5754028	5754028	34621	23937	6073700	5784083	5754028	36736	58558	289617	30055	319672	4.768378418426988	0.5196156417534119	94.73678317993974
SRR5950569	11438875	11438875	10845807	10845807	167870	58638	10794043	10794043	187913	79506	11438875	10845807	10794043	226508	267419	593068	51764	644832	5.184670695326245	0.47727200013793347	94.36280228606397
SRR5950575	13624718	13624718	12756912	12756912	141530	87370	12717133	12717133	156230	102478	13624718	12756912	12717133	228900	258708	867806	39779	907585	6.369350176642188	0.3118231120509415	93.3386878172451
SRR5950577	11480253	11480253	10780780	10780780	153306	64550	10746279	10746279	165572	77152	11480253	10780780	10746279	217856	242724	699473	34501	733974	6.092836107357565	0.320023226519788	93.60663915681998
SRR5950581	8733238	8733238	7927664	7927664	148039	63779	7899736	7899736	157143	72940	8733238	7927664	7899736	211818	230083	805574	27928	833502	9.224230462973756	0.35228536426367213	90.45597978664958
SRR5950584	10324230	10324230	9507924	9507924	121958	112781	9478168	9478168	132780	123828	10324230	9507924	9478168	234739	256608	816306	29756	846062	7.906701032425663	0.31296001103921317	91.80508376895904
SRR5950585	18605942	18605942	17398988	17398988	146531	155603	17327374	17327374	172020	181214	18605942	17398988	17327374	302134	353234	1206954	71614	1278568	6.486927670740885	0.41159865159973674	93.1281737844824
SRR5950587	12410247	12410247	11904801	11904801	47861	27151	11869005	11869005	61310	40533	12410247	11904801	11869005	75012	101843	505446	35796	541242	4.072811765954376	0.3006854125491052	95.63874917235732
SRR5950591	11444414	11444414	10985956	10985956	45511	22780	10946432	10946432	60634	38050	11444414	10985956	10946432	68291	98684	458458	39524	497982	4.005954345936804	0.3597684170590161	95.64868939554266
SRR5950593	11011826	11011826	9913920	9913920	86781	203213	9882288	9882288	98045	214026	11011826	9913920	9882288	289994	312071	1097906	31632	1129538	9.970244716907079	0.3190665246441367	89.74250047176554
SRR5950594	10057100	10057100	9277766	9277766	107956	136980	9246220	9246220	120025	148753	10057100	9277766	9246220	244936	268778	779334	31546	810880	7.749092680792674	0.34001719810566466	91.9372383689135
SRR5950595	6975032	6975032	6641199	6641199	22761	16801	6613811	6613811	30571	24635	6975032	6641199	6613811	39562	55206	333833	27388	361221	4.786114242916735	0.4123954123344294	94.8212280603157
SRR5950596	13187626	13187626	12236851	12236851	166294	156155	12182110	12182110	187111	176659	13187626	12236851	12182110	322449	363770	950775	54741	1005516	7.209599362311306	0.44734548128435986	92.37530697337034
SRR5950598	13146512	13146512	11885912	11885912	132304	195829	11848764	11848764	145394	208146	13146512	11885912	11848764	328133	353540	1260600	37148	1297748	9.588855203570347	0.31253807028017705	90.12857554916468
SRR5950599	13479075	13479075	12316845	12316845	136053	188068	12270790	12270790	152176	203530	13479075	12316845	12270790	324121	355706	1162230	46055	1208285	8.6224759488318	0.37391880794148175	91.03584630250963
SRR5950600	12259032	12259032	11819574	11819574	45097	25890	11772584	11772584	62889	43981	12259032	11819574	11772584	70987	106870	439458	46990	486448	3.584769172639406	0.3975608596384269	96.03192160686096
SRR5950601	12346826	12346826	11508081	11508081	139751	83000	11465768	11465768	154353	98307	12346826	11508081	11465768	222751	252660	838745	42313	881058	6.793203370647647	0.36768076276140216	92.86409316856007
SRR5950602	11095140	11095140	10080690	10080690	155474	124506	10053684	10053684	164008	133401	11095140	10080690	10053684	279980	297409	1014450	27006	1041456	9.143192424791396	0.26789832838823535	90.6134037064877
SRR5950604	8614057	8614057	8227954	8227954	33113	16718	8199376	8199376	42736	26422	8614057	8227954	8199376	49831	69158	386103	28578	414681	4.482243384272939	0.34732814500421366	95.18599656352401
SRR5950605	21113317	21113317	19666202	19666202	218317	123654	19581492	19581492	249384	154889	21113317	19666202	19581492	341971	404273	1447115	84710	1531825	6.854039088220955	0.4307389906805595	92.74474493988794
SRR5950606	5992706	5992706	5396472	5396472	43590	39708	5380065	5380065	48752	44855	5992706	5396472	5380065	83298	93607	596234	16407	612641	9.949328400225207	0.3040319675521341	89.77688877111609
SRR5950609	14297280	14297280	13731909	13731909	56066	31472	13674095	13674095	77995	53756	14297280	13731909	13674095	87538	131751	565371	57814	623185	3.954395521385886	0.42101939358904866	95.64123385706932
SRR5950610	5721239	5721239	5404044	5404044	71245	27322	5387114	5387114	77756	34265	5721239	5404044	5387114	98567	112021	317195	16930	334125	5.544166219939422	0.31328390368398185	94.15991885673715
SRR5950612	15914065	15914065	14873134	14873134	211158	69579	14818792	14818792	231495	90504	15914065	14873134	14818792	280737	321999	1040931	54342	1095273	6.540949782472297	0.36537020375127394	93.11757869532391
SRR5950614	10985881	10985881	10334733	10334733	84718	91571	10295083	10295083	100500	106732	10985881	10334733	10295083	176289	207232	651148	39650	690798	5.927135019940595	0.38365771036368335	93.7119471802034
SRR5950617	14558155	14558155	13462932	13462932	202637	176212	13422072	13422072	216965	190615	14558155	13462932	13422072	378849	407580	1095223	40860	1136083	7.5230892925648885	0.30350001025036744	92.19624327395883
SRR5950618	21460412	21460412	20024311	20024311	221381	139499	19934753	19934753	255149	172868	21460412	20024311	19934753	360880	428017	1436101	89558	1525659	6.691861274611131	0.4472463496996226	92.8908214809669
SRR5950619	12203225	12203225	11688015	11688015	47238	24037	11645454	11645454	63120	40064	12203225	11688015	11645454	71275	103184	515210	42561	557771	4.221916747417179	0.36414224314393845	95.4293147917866
SRR5950623	10478344	10478344	9999122	9999122	39847	21105	9963044	9963044	53200	34970	10478344	9999122	9963044	60952	88170	479222	36078	515300	4.573451682823164	0.3608116792654395	95.08223818572858
SRR5950626	7978949	7978949	7143865	7143865	77661	99486	7123692	7123692	84194	105782	7978949	7143865	7123692	177147	189976	835084	20173	855257	10.466090208121395	0.28238215587780563	89.2810820071666
SRR5950630	15067890	15067890	13876534	13876534	188149	107619	13747317	13747317	206059	125678	15067890	13876534	13747317	295768	331737	1191356	129217	1320573	7.906588115522479	0.9311907425874502	91.23584655847634
SRR5950632	14501473	14501473	13371335	13371335	156975	195350	13314378	13314378	178059	215564	14501473	13371335	13314378	352325	393623	1130138	56957	1187095	7.793263484337074	0.4259634509194482	91.8139695188206
SRR5950633	11261265	11261265	10543359	10543359	171365	63284	10496548	10496548	189056	81321	11261265	10543359	10496548	234649	270377	717906	46811	764717	6.37500316349895	0.4439856406293288	93.20931529450732
SRR5950635	16964566	16964566	16305717	16305717	58048	34246	16245048	16245048	81055	57523	16964566	16305717	16245048	92294	138578	658849	60669	719518	3.8836773071589334	0.37207195488551653	95.75870081203374
SRR5950637	11020095	11020095	10304111	10304111	87346	71268	10259391	10259391	103522	87707	11020095	10304111	10259391	158614	191229	715984	44720	760704	6.4970764771084095	0.43400153589183965	93.09711939869847
SRR5950640	15389249	15389249	14447154	14447154	122939	93287	14400176	14400176	140524	110981	15389249	14447154	14400176	216226	251505	942095	46978	989073	6.121773713584074	0.3251713105570827	93.57296122767265
SRR5950642	8460820	8460820	8155527	8155527	37880	17290	8123741	8123741	50020	29265	8460820	8155527	8123741	55170	79285	305293	31786	337079	3.6083145605272304	0.3897479586542967	96.01600081315995
SRR5950645	5371929	5371929	5169798	5169798	23316	11052	5144159	5144159	29553	17344	5371929	5169798	5144159	34368	46897	202131	25639	227770	3.7627265736386315	0.4959381391690739	95.75999608334362
SRR5950648	12714237	12714237	11943755	11943755	163308	59174	11895764	11895764	181239	77413	12714237	11943755	11895764	222482	258652	770482	47991	818473	6.05999400514557	0.40180830902844206	93.56254724526529
SRR5950650	7888925	7888925	7570539	7570539	33427	15218	7540128	7540128	45036	27108	7888925	7570539	7540128	48645	72144	318386	30411	348797	4.035860399230567	0.40170191316628845	95.57864981603957
SRR5950651	10298329	10298329	9518454	9518454	132178	130221	9475629	9475629	144819	142397	10298329	9518454	9475629	262399	287216	779875	42825	822700	7.572830504832386	0.44991550098366817	92.01132533248841
SRR5950653	4239578	4239578	3948870	3948870	51657	25745	3934325	3934325	56438	30613	4239578	3948870	3934325	77402	87051	290708	14545	305253	6.85700322060356	0.36833321937668245	92.79992018073497
SRR5950655	7856616	7856616	7432248	7432248	23760	17930	7408628	7408628	31795	26270	7856616	7432248	7408628	41690	58065	424368	23620	447988	5.401409461783547	0.31780424980436606	94.29795219723097
SRR5950656	16910635	16910635	15666653	15666653	226527	96233	15610826	15610826	246472	116773	16910635	15666653	15610826	322760	363245	1243982	55827	1299809	7.356211047071858	0.356342864043775	92.31365942201461
SRR5950658	9043675	9043675	8100429	8100429	131107	76528	8077542	8077542	138603	84340	9043675	8100429	8077542	207635	222943	943246	22887	966133	10.429897138055049	0.2825405913686794	89.31703096362928
SRR5950660	9406533	9406533	8523581	8523581	107514	104412	8494962	8494962	116778	113876	9406533	8523581	8494962	211926	230654	882952	28619	911571	9.386582707996666	0.3357626330998673	90.30917129616194
SRR5950662	20407826	20407826	18935634	18935634	155741	138129	18861976	18861976	183630	166271	20407826	18935634	18861976	293870	349901	1472192	73658	1545850	7.213860016250629	0.3889914644526822	92.42520981901747
SRR5950664	7273535	7273535	6627850	6627850	91179	83135	6606808	6606808	98429	90460	7273535	6627850	6606808	174314	188889	645685	21042	666727	8.877182827882178	0.3174785186749851	90.83352180198487
SRR5950665	5653743	5653743	5418675	5418675	18575	12746	5398602	5398602	25669	19763	5653743	5418675	5398602	31321	45432	235068	20073	255141	4.1577411636857216	0.37044111337181135	95.48721970560034
SRR5950668	5020561	5020561	4609939	4609939	67244	32596	4592460	4592460	73463	38923	5020561	4609939	4592460	99840	112386	410622	17479	428101	8.178807109404707	0.37915903008694907	91.47304454621704
SRR5950669	11775482	11775482	11070388	11070388	83362	100376	11006197	11006197	103947	119968	11775482	11070388	11006197	183738	223915	705094	64191	769285	5.987814341697435	0.5798441752899718	93.4670614757001
SRR5950673	15859503	15859503	14800121	14800121	193319	86815	14741418	14741418	214965	108817	15859503	14800121	14741418	280134	323782	1059382	58703	1118085	6.6797931814130616	0.3966386491029364	92.95006281092162
SRR5950683	16651772	16651772	15618354	15618354	120050	120208	15543735	15543735	149506	149166	16651772	15618354	15543735	240258	298672	1033418	74619	1108037	6.206054226541175	0.47776481439721497	93.34583130251843
SRR5950688	5955166	5955166	5669535	5669535	21573	12477	5643746	5643746	27961	18872	5955166	5669535	5643746	34050	46833	285631	25789	311420	4.796356642283356	0.4548697556325166	94.77059077782215
SRR5950689	10426662	10426662	9409608	9409608	104230	123453	9375664	9375664	115910	134909	10426662	9409608	9375664	227683	250819	1017054	33944	1050998	9.754358585710364	0.3607376630354846	89.92009139646035
SRR5950691	10311558	10311558	9745003	9745003	67500	90665	9705216	9705216	83274	106081	10311558	9745003	9705216	158165	189355	566555	39787	606342	5.494368552259513	0.40828104414128963	94.11978286889334
SRR5950692	12206908	12206908	11257768	11257768	101123	72266	11213504	11213504	111636	82603	12206908	11257768	11213504	173389	194239	949140	44264	993404	7.7754333857517395	0.3931862870153302	91.86195226506172
SRR5950693	11814757	11814757	10917007	10917007	190263	135045	10880162	10880162	203316	148159	11814757	10917007	10880162	325308	351475	897750	36845	934595	7.598548154651001	0.33750092859700465	92.08959608733383
SRR5950694	11184491	11184491	10776368	10776368	41858	23667	10735418	10735418	57667	39742	11184491	10776368	10735418	65525	97409	408123	40950	449073	3.6490082561647195	0.3799981589344388	95.98485974909363
SRR5950696	7008926	7008926	6054818	6054818	60850	117184	6036161	6036161	66037	122169	7008926	6054818	6036161	178034	188206	954108	18657	972765	13.612756077036625	0.3081347779569923	86.12105478071818
SRR5950697	5108685	5108685	4370931	4370931	56275	54504	4360174	4360174	59428	57651	5108685	4370931	4360174	110779	117079	737754	10757	748511	14.441172239039988	0.24610317573075394	85.34826476872229
SRR5950698	7034989	7034989	6440281	6440281	94775	39459	6419354	6419354	101686	46521	7034989	6440281	6419354	134234	148207	594708	20927	615635	8.453573985687823	0.32493923789971274	91.24895575529685
SRR5950699	8932013	8932013	8024270	8024270	132438	77260	7998118	7998118	140575	85562	8932013	8024270	7998118	209698	226137	907743	26152	933895	10.162804286111093	0.3259112666946651	89.5444061713748
SRR5950701	3795888	3795888	3433613	3433613	43999	60731	3408612	3408612	46933	63249	3795888	3433613	3408612	104730	110182	362275	25001	387276	9.543880114481777	0.7281251556305268	89.79748612182446
SRR5950703	14778362	14778362	13920198	13920198	117299	104093	13872946	13872946	133450	120109	14778362	13920198	13872946	221392	253559	858164	47252	905416	5.80689524319407	0.33944919461634093	93.87336702132482
SRR5950705	8741924	8741924	7858713	7858713	108483	117538	7801329	7801329	116531	124835	8741924	7858713	7801329	226021	241366	883211	57384	940595	10.103164932570907	0.730195898488722	89.24041206489555
SRR5950706	7456830	7456830	6728884	6728884	91101	78041	6706676	6706676	98310	85092	7456830	6728884	6706676	169142	183402	727946	22208	750154	9.762137530291021	0.3300398699100772	89.94004154580432
SRR5950710	10529590	10529590	10042220	10042220	38763	21311	9994481	9994481	55048	37218	10529590	10042220	9994481	60074	92266	487370	47739	535109	4.62857528165864	0.47538293325579406	94.91804524202746
SRR5950711	12027248	12027248	11028204	11028204	134962	176160	10988243	10988243	148104	189117	12027248	11028204	10988243	311122	337221	999044	39961	1039005	8.306505361825083	0.36235274574173637	91.36124074268695
SRR5950716	9107802	9107802	8721788	8721788	29159	19968	8695550	8695550	39098	29805	9107802	8721788	8695550	49127	68903	386014	26238	412252	4.238278346411132	0.30083281088694197	95.47363897458465
SRR5950720	3216799	3216799	2933268	2933268	36344	27949	2923785	2923785	39839	31147	3216799	2933268	2923785	64293	70986	283531	9483	293014	8.814072623126282	0.32329129148785585	90.89113121460184
SRR5950721	2549066	2549066	2316055	2316055	15757	17260	2305866	2305866	19052	20587	2549066	2316055	2305866	33017	39639	233011	10189	243200	9.141034402404646	0.4399291035834641	90.45925056471664
SRR5950722	6813410	6813410	6205436	6205436	52878	39670	6184110	6184110	60232	46993	6813410	6205436	6184110	92548	107225	607974	21326	629300	8.923197048174115	0.3436664240836583	90.76380255995163
SRR5950726	10749258	10749258	9702068	9702068	106929	147540	9668169	9668169	118774	159166	10749258	9702068	9668169	254469	277940	1047190	33899	1081089	9.741974748396586	0.34939973622118503	89.94266394945586
SRR5950727	16154594	16154594	15000564	15000564	235781	149780	14952600	14952600	253828	167763	16154594	15000564	14952600	385561	421591	1154030	47964	1201994	7.143664520445392	0.3197479774760469	92.55942922490036
SRR5950732	9384106	9384106	8546720	8546720	120464	73716	8518120	8518120	129202	83088	9384106	8546720	8518120	194180	212290	837386	28600	865986	8.92344992692964	0.3346312971525919	90.77177943215901
SRR5950734	7252450	7252450	6953544	6953544	24506	17251	6928624	6928624	33721	26564	7252450	6953544	6928624	41757	60285	298906	24920	323826	4.121448613916677	0.358378403875779	95.53494336396666
SRR5950735	11499936	11499936	10202760	10202760	103499	160695	10177602	10177602	112380	169185	11499936	10202760	10177602	264194	281565	1297176	25158	1322334	11.279854079187919	0.24658033708525928	88.501379485938
SRR5950736	7395325	7395325	6781310	6781310	125218	37877	6726619	6726619	131573	44911	7395325	6781310	6726619	163095	176484	614015	54691	668706	8.302745315452668	0.8064960899885125	90.95771991088965
SRR5950739	15982325	15982325	14938014	14938014	186500	186669	14865709	14865709	213499	213062	15982325	14938014	14865709	373169	426561	1044311	72305	1116616	6.534161957036914	0.48403355359018946	93.01343202569088
SRR5950742	10898069	10898069	10011968	10011968	115487	177632	9982183	9982183	126465	188161	10898069	10011968	9982183	293119	314626	886101	29785	915886	8.130807393493289	0.29749395922959404	91.59588730810935
SRR5950745	16059448	16059448	15046774	15046774	181322	198653	14992538	14992538	201817	218398	16059448	15046774	14992538	379975	420215	1012674	54236	1066910	6.305783361918791	0.3604493561211194	93.35649643748651
SRR5950746	4847942	4847942	4516226	4516226	79547	26095	4494946	4494946	85359	31731	4847942	4516226	4494946	105642	117090	331716	21280	352996	6.842408593172113	0.4711898828800862	92.71864226098414
SRR5950747	9362993	9362993	8612282	8612282	104601	113937	8583170	8583170	114585	123742	9362993	8612282	8583170	218538	238327	750711	29112	779823	8.017852838296472	0.3380288755059344	91.67122094398661
SRR5950750	10674803	10674803	10188974	10188974	41052	21168	10155607	10155607	52773	32861	10674803	10188974	10155607	62220	85634	485829	33367	519196	4.551175323797545	0.32748145200880874	95.13624747922749
SRR5950752	14052303	14052303	13178134	13178134	156061	80211	13124723	13124723	175626	99970	14052303	13178134	13124723	236272	275596	874169	53411	927580	6.220823732593868	0.40530017375752897	93.39908910304595
SRR5950754	7232394	7232394	6874850	6874850	27946	16701	6852395	6852395	35694	24585	7232394	6874850	6852395	44647	60279	357544	22455	379999	4.943646598899341	0.3266253081885423	94.74587529385153
SRR5950755	13626514	13626514	12224005	12224005	113003	84520	12190346	12190346	124434	95942	13626514	12224005	12190346	197523	220376	1402509	33659	1436168	10.292500341613417	0.2753516543882304	89.4604885739669
SRR5950758	22578395	22578395	20712721	20712721	389937	122222	20645445	20645445	410341	144021	22578395	20712721	20645445	512159	554362	1865674	67276	1932950	8.26309398874455	0.3248052247698407	91.43893974748869
SRR5950760	8913414	8913414	8487007	8487007	32094	18209	8444479	8444479	47767	34032	8913414	8487007	8444479	50303	81799	426407	42528	468935	4.7838796672072	0.5010953802677434	94.738996752535
SRR5950767	14631031	14631031	13335557	13335557	187588	106563	13274867	13274867	202603	121650	14631031	13335557	13274867	294151	324253	1295474	60690	1356164	8.854290582803085	0.45509910084745614	90.73090611317822
SRR5950769	15619888	15619888	14500021	14500021	197815	175791	14448248	14448248	217410	195257	15619888	14500021	14448248	373606	412667	1119867	51773	1171640	7.1694944291533975	0.3570546553001544	92.49904992916723
SRR5950770	15569954	15569954	14526485	14526485	151956	94010	14463998	14463998	175307	117668	15569954	14526485	14463998	245966	292975	1043469	62487	1105956	6.7018117073435155	0.4301591197044571	92.89685762719658
SRR5950771	8905513	8905513	8531026	8531026	30879	21369	8493889	8493889	44876	35462	8905513	8531026	8493889	52248	80338	374487	37137	411624	4.20511429268589	0.4353169243652522	95.37787435715383
SRR5950773	9037270	9037270	8513224	8513224	105396	71310	8473011	8473011	120912	86952	9037270	8513224	8473011	176706	207864	524046	40213	564259	5.798720188729561	0.47235923781636663	93.75631136394065
SRR5950774	13818670	13818670	13022891	13022891	123363	83022	12982004	12982004	139351	99102	13818670	13022891	12982004	206385	238453	795779	40887	836666	5.75872352404392	0.31396254487578834	93.94539416600874
SRR5950778	6994992	6994992	6451900	6451900	96922	40908	6427661	6427661	104299	48506	6994992	6451900	6427661	137830	152805	543092	24239	567331	7.764011738683904	0.3756877818937057	91.88946892290942
SRR5950779	8864829	8864829	8241943	8241943	161285	34825	8189440	8189440	180199	54541	8864829	8241943	8189440	196110	234740	622886	52503	675389	7.026486354107902	0.6370221196628029	92.38125179854005
SRR5950780	22183489	22183489	20661011	20661011	253968	128250	20578209	20578209	285880	159896	22183489	20661011	20578209	382218	445776	1522478	82802	1605280	6.8631133722923385	0.40076451244326816	92.76362703810929
SRR5950782	10327033	10327033	9538440	9538440	117223	77717	9505472	9505472	128325	88842	10327033	9538440	9505472	194940	217167	788593	32968	821561	7.6362010269551766	0.345633038526216	92.04455916815604
SRR5950783	11051935	11051935	9983984	9983984	97056	147309	9954535	9954535	107193	157185	11051935	9983984	9954535	244365	264378	1067951	29449	1097400	9.663022810032814	0.29496241179873683	90.07051706330158
SRR5950784	13566015	13566015	11905189	11905189	146376	194092	11869026	11869026	157744	205126	13566015	11905189	11869026	340468	362870	1660826	36163	1696989	12.242548751420369	0.3037583023671443	87.49088070446628
SRR5950785	11367855	11367855	10104033	10104033	112606	156451	10075882	10075882	122040	165546	11367855	10104033	10075882	269057	287586	1263822	28151	1291973	11.117506336947471	0.2786115207660149	88.63485679576314
SRR5950787	11689719	11689719	10812797	10812797	116288	193560	10763625	10763625	134964	211143	11689719	10812797	10763625	309848	346107	876922	49172	926094	7.501651665022915	0.45475745082424096	92.07770520403442
SRR5950789	19918525	19918525	18521311	18521311	182284	141059	18441509	18441509	210989	169322	19918525	18521311	18441509	323343	380311	1397214	79802	1477016	7.014645913791307	0.4308658280183298	92.58471197038938
SRR5950791	12128936	12128936	11274757	11274757	95929	90470	11227156	11227156	113175	107777	12128936	11274757	11227156	186399	220952	854179	47601	901780	7.042489135073349	0.42219091728540137	92.56505269712034
SRR5950792	10617639	10617639	9660968	9660968	144758	149330	9628345	9628345	155257	159775	10617639	9660968	9628345	294088	315032	956671	32623	989294	9.010204622703785	0.33767837757044633	90.68254251251149
SRR5962887	8901309	8901309	8401645	8401645	95097	60881	8360241	8360241	105860	71872	8901309	8401645	8360241	155978	177732	499664	41404	541068	5.613376639323497	0.49280825362176095	93.9214782904402
SRR5962888	8002406	8002406	7619259	7619259	31255	20007	7530174	7530174	39913	28678	8002406	7619259	7530174	51262	68591	383147	89085	472232	4.7878975398149	1.169208186780368	94.0988747634149
SRR5962894	8447798	8447798	8071657	8071657	37590	20679	8015680	8015680	48459	31542	8447798	8071657	8015680	58269	80001	376141	55977	432118	4.452533074299362	0.6935007272980009	94.88484454765609
SRR5962898	5021346	5021346	4716534	4716534	22821	14616	4628794	4628794	27515	19590	5021346	4716534	4628794	37437	47105	304812	87740	392552	6.070324570344286	1.8602643381771444	92.18233517467229
SRR5962899	11692836	11692836	11132696	11132696	46021	29884	11058969	11058969	73443	57236	11692836	11132696	11058969	75905	130679	560140	73727	633867	4.790454599722429	0.662256474083187	94.57901402191906
SRR5962900	10152187	10152187	9694539	9694539	53586	25404	9660420	9660420	66152	37983	10152187	9694539	9660420	78990	104135	457648	34119	491767	4.5078759877059005	0.3519404068620488	95.15604864252401
SRR5962901	5163527	5163527	4930717	4930717	25055	12693	4913268	4913268	31565	19114	5163527	4930717	4913268	37748	50679	232810	17449	250259	4.508739859402304	0.35388362382184985	95.153332208779
SRR5962902	11562147	11562147	11060858	11060858	49087	27715	11021439	11021439	64164	42972	11562147	11060858	11021439	76802	107136	501289	39419	540708	4.335604797275108	0.3563828411864613	95.32346371309758
SRR5962903	3667319	3667319	3514210	3514210	16723	9756	3498104	3498104	22099	15146	3667319	3514210	3498104	26479	37245	153109	16106	169215	4.174957237153354	0.4583106871814718	95.3858663508683
kneaddata_summary	NA	NA	NA	NA	NA	NA	NA	NA	NA	NA	NA	NA	NA	0	0	NA	NA	NA	NA	NA	NA
